Adam 13;13
Adam Paleta, Polna 27;444444
Agnieszka Ananas, Leśna 12;22222222
Agnieszka Antena, Górska 156;53535353
Agnieszka Antena, Leśna 258;87878787
Alicja Auto, Polna 34;12121212
Alicja Auto, Polna 47;16161616
Alicja Auto, Wiejska 177;60606060
Aneta Antena, Polna 183;62626262
Aneta Antena, Wiejska 81;28282828
Anna Ananas, Leśna 126;43434343
Anna Ananas, Polna 243;82828282
Anna Ananas, Polna 36;3434437
Anna Ananas, Wiejska 189;64646464
Anna Ananas, Wiejska 20;55555555
Antek gołota xD;6
Bartek Drzewo, Polna 29;66666
Bartosz Bezpiecznik, Wiejska 45;15151515
Bartłomiej Bezpiecznik, Górska 240;81818181
Bartłomiej Bezpiecznik, Leśna 198;67676767
Bartłomiej Bezpiecznik, Polna 135;46464646
Dominik Drukarka, Polna 147;50505050
Dominik Drukarka, Wiejska 249;84848484
Dominika Drukarka, Polna 96;33333333
Elżbieta Ekran, Polna 42;090909090
Ewa Ekran, Leśna 42;14141414
Ewa Ekran, Polna 22;66666666
Ewa Laptop, Polna 28;5555555
Filip Flet, Wiejska 93;32323232
Grzegorz Głośnik, Leśna 186;63636363
Grzegorz Głośnik, Polna 123;42424242
Hubert Hasło, Wiejska 66;23232323
Izabela Internet, Górska 60;21212121
Jacek Język, Wiejska 1;11111111
Jakub Język, Górska 84;29292929
Jan Język, Polna 39;67676667
Jan Paleta, Polna 21;11111
Joanna Język, Górska 120;41414141
Joanna Język, Górska 168;57575757
Joanna Język, Polna 219;74747474
Justyna Joystick, Górska 252;85858585
Justyna Joystick, Leśna 150;51515151
Kacper Książka, Leśna 52;18181818
Kamil Kozak, Polna 25;796455447
Kamila Kamera, Górska 132;45454545
Kamila Kamera, Leśna 63;22222222
Kamila Kamera, Polna 195;66666666
Kamila Kamera, Wiejska 237;80808080
Karolina Kawa, Leśna 28;88888888
Karolina Książka, Polna 30;777777777
Kasia Książka, Leśna 138;47474747
Katarzyna Książka, Leśna 102;35353535
Katarzyna Książka, Wiejska 225;76767676
Kinga Klawiatura, Wiejska 201;68686868
Krystian Klawiatura, Polna 159;54545454
Krystian Klawiatura, Wiejska 261;88888888
Krzysztof Kawa, Polna 37;454545
Krzysztof Książka, Górska 15;33333333
Maciej Myszka, Wiejska 105;36363636
Magdalena Myszka, Leśna 162;55555555
Magdalena Myszka, Leśna 75;26262626
Magdalena Myszka, Polna 32;99999999
Marcin Monitor, Górska 99;34343434
Marcin Monitor, Wiejska 165;56565656
Marek Myszka, Polna 171;58585858
Marek Myszka, Wiejska 30;99999999
Marta Monitor, Polna 231;78787878
Martyna Mikrofon, Leśna 114;39393939
Mateusz Monitor, Górska 25;77777777
Mateusz Myszka, Leśna 234;79797979
Mateusz Myszka, Wiejska 129;44444444
Michał Monitor, Górska 50;17171717
Miłosz Mikrofon, Leśna 210;71717171
Monika Młot, Polna 38;56565656
Natalia Nocnik, Polna 69;24242424
Natalia Nocnik, Wiejska 213;72727272
Olga Osiołek, Polna 55;19191919
Oliwia Odtwarzacz, Leśna 90;31313131
Oskar Osiołek, Wiejska 39;13131313
Patryk Piłka, Leśna 174;59595959
Paulina Piłka, Górska 108;37373737
Piotr Piłka, Górska 180;61616161
Piotr Piłka, Górska 228;77777777
Piotr Piłka, Leśna 17;44444444
Piotr Piłka, Polna 35;232323
Piotr Piłka, Polna 78;27272727
Radosław Rower, Polna 111;38383838
Rafał Rower, Polna 41;898989898
Rafał Rower, Wiejska 58;20202020
Robert Rower, Górska 204;69696969
Robert Rower, Polna 31;8888888888
Robert Rower, Wiejska 141;48484848
Sebastian Słuchawki, Górska 72;25252525
Teresa Telefon, Górska 33;10101010
Tomasz Telefon, Polna 255;86868686
Tomasz Telefon, Polna 33;000000
Tomasz Telefon, Wiejska 153;52525252
Weronika Wiatrak, Górska 144;49494949
Weronika Wiatrak, Leśna 246;83838383
Wiktoria Wiatrak, Polna 207;70707070
Wojciech Wózek, Górska 192;65656565
Wojciech Wózek, Leśna 222;75757575
Zofia Zamek, Polna 87;30303030
Zuzanna Zamek, Leśna 36;12121212
Łukasz Laptop, Górska 216;73737373
Łukasz Laptop, Wiejska 117;40404040
